id_factura,fecha_factura,id_cliente,id_pedido,monto_facturado,estado_pago
1,2023-02-14 00:49:22,115,339,267316.44,cancelado
2,2022-01-01 10:42:51,78,865,326062.48,pendiente
3,2020-05-12 02:45:26,28,855,268953.69,vencido
4,2021-01-20 09:14:12,104,896,296557.4,cancelado
5,2020-05-09 20:17:20,30,387,455722.35,cancelado
6,2022-10-19 13:13:06,110,605,125110.14,vencido
7,2020-07-03 14:09:31,114,541,402814.8,vencido
8,2022-09-03 22:06:00,42,110,218937.99,cancelado
9,2021-09-17 20:23:59,77,36,344529.65,pendiente
10,2022-03-17 18:23:32,65,747,182361.3,vencido
11,2021-02-10 01:32:48,129,537,471519.86,vencido
12,2022-02-01 05:29:34,12,70,256685.8,vencido
13,2021-03-13 22:31:05,136,22,213157.62,cancelado
14,2020-04-04 20:40:20,145,65,162909.43,pendiente
15,2021-06-08 00:59:25,33,880,210329.14,pagado
16,2021-04-23 22:54:39,76,191,87286.06,pendiente
17,2024-11-22 05:24:27,83,295,239081.85,pagado
18,2020-12-26 20:44:23,71,842,496763.17,pagado
19,2024-06-01 10:57:13,77,699,473295.16,pagado
20,2023-04-03 06:18:54,17,585,353770.46,cancelado
21,2022-11-23 19:15:59,15,366,388906.54,pagado
22,2022-09-05 00:08:55,105,717,355577.43,vencido
23,2020-11-25 18:38:04,64,721,158745.83,pagado
24,2021-06-10 12:35:41,57,963,360254.34,cancelado
25,2021-12-04 08:39:49,148,941,450523.77,vencido
26,2020-06-27 01:01:55,46,165,117128.61,cancelado
27,2022-03-10 08:32:21,41,29,114996.97,pendiente
28,2020-01-25 16:34:24,62,323,129003.04,pendiente
29,2021-05-14 17:01:18,37,348,381569.98,pagado
30,2020-08-14 19:48:24,138,163,312507.65,pagado
31,2023-09-02 21:03:43,71,588,440855.34,vencido
32,2023-07-15 14:54:21,104,889,155623.48,pendiente
33,2021-11-08 18:45:31,97,684,360727.91,cancelado
34,2021-08-25 23:44:40,85,63,325750.15,pagado
35,2024-12-15 17:21:58,36,309,269269.88,cancelado
36,2020-08-25 22:14:23,59,437,429958.53,pendiente
37,2024-02-15 20:47:16,125,804,470669.41,pendiente
38,2024-05-15 06:31:42,101,775,201236.04,pagado
39,2023-09-01 00:34:11,64,686,475206.53,pendiente
40,2022-12-05 11:22:31,55,605,370994.92,pagado
41,2022-12-16 19:48:22,132,515,236935.03,vencido
42,2024-04-28 11:19:32,87,48,467759.38,cancelado
43,2022-12-07 18:51:27,88,840,154544.27,pagado
44,2024-05-06 17:16:21,52,87,155744.09,cancelado
45,2022-03-26 19:54:41,53,372,305895.77,vencido
46,2020-07-24 22:10:10,69,348,358682.42,vencido
47,2023-12-23 12:38:52,12,887,243452.14,pendiente
48,2021-02-05 01:01:24,13,256,250503.32,cancelado
49,2020-06-27 23:21:58,126,591,231995.72,cancelado
50,2020-07-15 02:47:05,74,238,198718.11,pendiente
51,2023-11-24 23:59:54,121,523,247813.87,pendiente
52,2023-05-10 15:34:26,130,92,153729.09,cancelado
53,2023-11-02 15:05:28,52,144,180173.49,pagado
54,2022-04-12 07:52:23,22,21,459669.98,vencido
55,2024-10-10 12:07:35,131,7,488463.66,pendiente
56,2021-02-22 06:03:20,31,484,302138.95,pagado
57,2022-10-16 22:32:26,33,134,165855.48,cancelado
58,2024-09-19 21:02:35,29,40,95257.58,pagado
59,2020-08-22 15:20:05,145,488,395448.46,pagado
60,2024-01-04 12:19:57,68,622,156515.87,vencido
61,2024-11-02 06:55:15,119,541,423673.19,vencido
62,2020-06-02 23:00:45,3,708,423520.11,cancelado
63,2022-10-23 02:48:29,139,542,117043.07,pagado
64,2023-04-09 19:59:50,89,387,307171.88,vencido
65,2022-03-05 11:43:24,44,145,276622.59,vencido
66,2020-08-05 04:44:21,7,614,250591.05,vencido
67,2024-02-18 01:52:54,3,379,81206.93,cancelado
68,2020-08-29 04:19:46,147,602,423201.59,cancelado
69,2021-11-24 13:58:33,92,908,85298.64,pendiente
70,2024-02-19 18:35:19,40,313,372446.62,pendiente
71,2020-12-01 12:04:59,150,298,317117.47,cancelado
72,2024-10-27 18:59:20,99,543,285828.22,cancelado
73,2021-04-08 21:27:35,1,644,168390.45,cancelado
74,2020-07-19 20:10:07,60,762,361846.02,vencido
75,2021-02-17 13:03:44,79,746,445811.77,cancelado
76,2023-10-19 19:17:01,145,626,463791.44,vencido
77,2021-05-22 12:42:56,88,942,319494.16,pendiente
78,2024-02-06 08:21:23,21,657,287136.06,vencido
79,2023-02-18 05:44:53,150,928,121037.32,vencido
80,2020-08-26 21:25:23,11,288,424413.46,vencido
81,2021-02-05 16:53:30,19,660,101392.49,pagado
82,2021-08-08 23:19:59,130,832,479062.31,pendiente
83,2024-09-08 21:37:41,106,497,130046.16,pagado
84,2024-10-07 23:16:58,99,377,424720.94,vencido
85,2024-08-13 23:02:36,139,832,385057.0,pagado
86,2020-10-08 01:33:45,94,573,392070.16,vencido
87,2021-10-14 04:31:01,76,354,279495.52,vencido
88,2022-07-06 03:43:59,2,484,345979.41,pendiente
89,2022-11-17 21:09:21,137,266,410200.99,cancelado
90,2023-06-15 10:47:17,2,264,416616.7,vencido
91,2020-11-05 19:02:32,68,451,383356.19,pendiente
92,2021-05-10 05:48:51,120,837,328517.44,vencido
93,2022-01-02 01:07:44,29,114,398071.42,vencido
94,2024-12-30 18:41:48,42,817,417419.62,pendiente
95,2021-01-31 16:55:25,39,107,232718.21,vencido
96,2021-12-18 21:53:52,56,514,452021.52,vencido
97,2021-01-01 04:42:14,97,274,326943.58,pagado
98,2024-01-30 12:09:28,15,190,481439.05,pendiente
99,2020-03-25 17:27:15,70,431,427464.49,vencido
100,2021-02-07 00:27:51,90,817,107897.83,pagado
101,2024-01-07 05:45:44,21,850,256780.09,cancelado
102,2021-02-09 17:40:16,129,552,96757.56,pendiente
103,2020-11-25 00:26:15,122,562,156674.6,pagado
104,2023-10-31 00:17:19,41,789,221638.99,cancelado
105,2022-11-28 15:56:42,143,393,368184.27,cancelado
106,2023-09-28 01:14:09,11,260,361993.96,pendiente
107,2021-06-05 13:18:39,128,480,395881.81,pendiente
108,2020-06-03 14:58:37,69,416,496541.67,pagado
109,2024-03-14 23:10:53,17,547,162494.88,pagado
110,2020-02-09 07:19:56,124,446,479861.73,cancelado
111,2023-02-12 13:08:39,80,602,180061.35,pagado
112,2021-08-07 18:03:36,102,772,144481.51,pagado
113,2024-09-20 16:18:36,14,466,478596.56,cancelado
114,2020-01-02 20:48:58,82,387,99778.16,pendiente
115,2024-11-02 22:03:44,36,288,250462.16,pendiente
116,2021-03-30 18:55:35,107,101,486278.18,cancelado
117,2022-10-09 16:40:01,130,906,332109.76,vencido
118,2024-01-26 23:17:39,83,204,425789.47,pagado
119,2023-06-27 00:36:12,4,349,414696.47,pendiente
120,2022-04-17 00:40:08,138,818,268103.4,cancelado
121,2024-12-10 17:05:41,44,670,84747.19,vencido
122,2023-06-22 07:14:29,18,302,252441.6,vencido
123,2022-12-24 15:13:19,120,122,474875.65,vencido
124,2021-11-13 20:34:12,60,351,489557.49,pendiente
125,2023-01-10 11:47:32,4,169,135195.34,pagado
126,2021-08-13 21:17:35,106,858,243779.09,pagado
127,2021-07-10 04:43:10,109,166,304853.15,pagado
128,2022-07-20 18:25:22,141,767,109010.67,cancelado
129,2022-01-12 13:42:48,140,241,280699.95,vencido
130,2021-10-13 11:30:49,130,426,417304.8,cancelado
131,2020-03-27 05:12:57,28,829,99304.58,pagado
132,2024-10-22 07:28:05,57,775,268821.86,cancelado
133,2023-04-12 07:08:40,70,90,446610.19,cancelado
134,2022-11-08 23:24:14,103,405,127854.2,vencido
135,2021-01-21 19:32:56,133,154,261855.15,cancelado
136,2021-06-09 04:48:01,112,509,380592.96,vencido
137,2024-11-14 08:14:20,111,744,302124.31,cancelado
138,2022-06-26 20:07:20,49,23,146323.81,pagado
139,2022-05-21 21:08:57,124,581,188369.25,vencido
140,2022-04-21 13:00:00,44,268,342438.37,cancelado
141,2023-10-26 14:45:56,62,796,454039.71,cancelado
142,2021-10-24 23:58:37,112,118,392910.11,pagado
143,2022-09-14 00:25:54,65,282,414118.45,vencido
144,2023-10-31 14:05:33,97,323,190005.92,vencido
145,2022-11-14 02:58:33,52,27,230862.92,pagado
146,2024-12-12 15:07:49,69,420,204676.2,cancelado
147,2023-09-14 15:29:32,31,868,294661.16,vencido
148,2023-09-15 06:18:47,35,211,167232.43,cancelado
149,2020-12-03 19:12:57,93,128,268193.93,pagado
150,2022-09-20 11:53:37,117,408,283333.48,cancelado
151,2023-05-09 15:48:57,111,282,389506.22,pendiente
152,2022-09-11 04:05:05,105,472,437033.15,vencido
153,2021-11-22 20:32:31,127,879,385907.94,pagado
154,2024-05-09 04:22:24,88,25,311716.31,pagado
155,2022-02-19 09:32:31,108,631,120796.02,pagado
156,2024-02-10 04:01:15,101,696,124830.65,pendiente
157,2022-06-28 21:37:46,75,418,302084.17,vencido
158,2021-05-29 12:42:24,110,201,275001.54,cancelado
159,2020-03-22 19:37:22,62,511,369159.82,pendiente
160,2020-02-22 06:57:16,64,654,170699.47,cancelado
161,2020-07-26 04:33:05,73,338,392627.4,vencido
162,2020-05-27 16:21:36,53,591,294293.01,vencido
163,2022-07-29 08:46:58,25,587,335469.24,cancelado
164,2020-12-17 02:19:43,109,903,184824.0,cancelado
165,2021-04-11 19:19:43,83,226,419320.77,pagado
166,2023-01-28 03:10:37,14,394,446161.88,cancelado
167,2020-05-08 18:24:44,145,814,439856.45,vencido
168,2023-11-05 17:16:45,80,173,153529.03,vencido
169,2020-03-10 01:06:52,137,27,331779.45,cancelado
170,2022-12-24 20:45:16,129,897,151217.4,vencido
171,2024-06-24 08:12:20,145,94,178393.17,vencido
172,2023-07-14 08:39:39,38,862,228460.27,vencido
173,2021-10-23 16:17:01,4,273,370100.23,pagado
174,2023-01-03 00:07:48,39,700,183083.22,cancelado
175,2022-11-19 21:40:59,43,252,274298.23,cancelado
176,2020-02-18 17:38:00,91,651,269531.41,pagado
177,2024-06-19 11:12:41,15,849,299164.4,pagado
178,2022-04-02 23:14:25,46,395,360336.7,pendiente
179,2022-02-17 18:00:42,84,260,403272.91,pagado
180,2020-03-03 04:26:21,58,840,481680.89,vencido
181,2022-12-19 12:11:36,50,729,426526.83,cancelado
182,2020-08-22 10:49:36,101,734,240528.53,vencido
183,2023-02-08 15:40:33,15,66,121596.46,pagado
184,2024-07-03 23:34:13,94,317,116657.07,pagado
185,2022-08-18 06:49:25,108,350,206656.42,vencido
186,2020-04-21 16:04:59,7,731,430182.62,cancelado
187,2023-03-17 23:09:57,29,406,166485.38,vencido
188,2024-03-24 21:15:12,72,947,386499.89,cancelado
189,2024-03-10 23:17:51,58,600,481450.25,pagado
190,2023-10-02 18:35:58,109,424,195253.35,cancelado
191,2024-11-17 22:38:50,7,715,297577.54,cancelado
192,2024-09-30 05:43:43,51,898,357332.55,pagado
193,2020-10-17 11:25:33,128,155,424329.66,vencido
194,2021-09-08 00:24:21,92,20,339595.94,cancelado
195,2021-07-02 01:22:54,41,328,448409.9,pendiente
196,2022-01-06 16:28:23,116,267,432053.15,pendiente
197,2020-03-27 21:49:50,135,828,464820.99,pendiente
198,2020-07-23 20:02:03,31,149,331778.57,cancelado
199,2022-01-11 06:50:30,14,45,271325.14,vencido
200,2023-12-24 16:16:09,48,254,222686.91,pagado
201,2024-08-07 13:13:07,14,897,189358.84,cancelado
202,2022-06-15 23:55:03,120,633,285278.89,cancelado
203,2023-10-15 05:53:18,106,756,451770.74,cancelado
204,2020-11-18 02:44:33,9,299,380958.34,pendiente
205,2020-01-06 02:07:32,48,962,227140.99,cancelado
206,2023-07-30 19:23:52,18,137,374155.61,cancelado
207,2021-11-03 11:58:29,104,401,104180.56,pendiente
208,2024-03-21 23:44:24,98,52,159090.1,pagado
209,2021-09-09 02:10:54,76,321,440939.51,vencido
210,2023-10-16 19:56:07,33,294,296929.28,pagado
211,2020-04-19 19:32:17,51,340,207773.43,vencido
212,2024-03-22 12:11:42,55,122,299487.12,cancelado
213,2020-02-21 20:19:08,122,973,104154.08,cancelado
214,2021-04-10 11:23:19,39,390,94857.79,cancelado
215,2020-01-12 12:09:40,139,980,353248.51,pendiente
216,2021-10-04 00:47:29,150,136,430730.74,cancelado
217,2022-12-22 01:46:28,72,31,427992.89,cancelado
218,2020-09-12 04:07:21,20,708,305329.07,pagado
219,2022-07-07 07:11:18,80,867,156251.13,pagado
220,2023-09-28 09:43:54,146,746,405596.41,pendiente
221,2022-12-17 05:54:27,92,163,346317.26,pendiente
222,2024-09-19 11:00:50,44,988,85466.33,cancelado
223,2021-04-17 21:45:04,20,336,184417.74,pendiente
224,2020-07-17 09:24:51,38,798,212091.56,pagado
225,2024-10-16 09:04:01,65,580,418072.06,pagado
226,2024-09-01 23:20:54,111,359,124182.74,pendiente
227,2021-02-13 09:59:18,74,802,331064.3,vencido
228,2022-11-02 02:56:27,132,511,477151.5,pagado
229,2024-07-23 18:50:00,18,140,329869.98,cancelado
230,2022-04-18 16:12:07,38,495,390740.23,pagado
231,2020-03-12 03:31:09,90,542,214810.38,pendiente
232,2022-07-11 04:05:11,129,961,133380.81,vencido
233,2023-06-13 12:38:32,69,269,198133.65,vencido
234,2021-07-03 16:32:45,80,808,184278.04,pendiente
235,2020-04-14 10:41:02,90,867,333001.93,cancelado
236,2022-07-15 08:38:21,24,924,212730.4,pagado
237,2022-12-07 00:44:42,29,744,258490.03,pendiente
238,2021-07-05 11:49:53,145,44,279514.01,pagado
239,2023-02-22 08:00:35,68,845,258680.62,pagado
240,2021-12-19 03:18:24,19,937,366686.34,vencido
241,2022-07-07 00:22:31,5,54,160828.41,pendiente
242,2024-12-07 23:52:40,46,67,144317.58,cancelado
243,2020-06-22 12:35:25,108,611,215256.46,vencido
244,2024-05-11 19:17:05,43,426,348684.95,cancelado
245,2020-11-03 14:57:59,140,809,193332.29,vencido
246,2021-06-08 03:29:57,57,282,248224.82,pagado
247,2022-03-09 06:02:09,36,515,290842.31,pendiente
248,2022-03-31 12:24:16,107,373,119914.42,cancelado
249,2020-07-03 05:44:46,89,673,307693.39,pendiente
250,2021-02-03 00:05:16,111,100,460130.08,cancelado
251,2020-02-07 15:00:52,44,296,367209.21,pendiente
252,2020-09-09 15:55:30,106,179,481013.11,vencido
253,2022-03-17 15:46:30,91,109,151861.39,pagado
254,2022-01-23 14:05:33,38,442,235934.23,pagado
255,2022-09-29 05:38:50,62,84,456961.35,vencido
256,2023-01-25 11:37:31,47,638,332781.12,cancelado
257,2023-07-12 12:55:44,133,851,364938.15,pendiente
258,2022-12-10 13:10:19,147,478,348730.65,vencido
259,2024-03-27 02:30:34,11,720,113668.62,pendiente
260,2020-08-10 03:47:13,55,117,100935.26,cancelado
261,2022-01-03 00:22:05,71,77,331963.86,cancelado
262,2020-09-09 04:42:41,37,37,165110.19,vencido
263,2021-10-27 12:29:45,36,825,365651.07,cancelado
264,2023-01-04 09:36:00,123,662,332335.54,pagado
265,2024-07-10 14:16:46,149,523,227523.46,cancelado
266,2021-08-20 18:28:01,86,257,206975.66,pendiente
267,2023-04-16 15:14:25,82,236,324083.47,vencido
268,2021-02-12 16:14:45,147,216,474993.34,pendiente
269,2022-01-28 14:01:57,39,22,263119.67,vencido
270,2024-09-27 18:37:28,114,773,243263.72,vencido
271,2024-04-28 14:37:27,7,594,467255.09,pagado
272,2023-10-27 18:22:04,19,477,101954.68,pendiente
273,2024-10-22 22:02:40,71,668,148965.18,vencido
274,2021-10-11 00:38:08,17,899,490516.17,pagado
275,2024-02-23 16:12:20,73,930,268058.84,vencido
276,2023-05-20 05:22:27,48,608,281365.82,cancelado
277,2023-05-15 13:26:17,127,54,147372.52,pagado
278,2021-01-10 19:38:12,84,211,490710.26,pendiente
279,2022-01-16 21:29:40,65,24,478384.08,cancelado
280,2021-06-26 19:08:09,3,480,465846.42,cancelado
281,2024-01-23 19:43:18,55,657,93115.86,pagado
282,2021-02-02 21:46:36,118,550,92279.16,vencido
283,2024-07-11 21:23:07,19,679,349083.33,pagado
284,2022-08-17 14:33:09,82,908,163104.93,pendiente
285,2024-02-01 19:15:13,13,744,459343.77,pagado
286,2022-04-16 10:21:22,24,730,383170.79,pagado
287,2024-04-07 16:09:58,45,779,118024.14,vencido
288,2020-12-01 05:10:18,126,44,481639.91,cancelado
289,2024-11-22 05:34:38,84,830,420403.87,vencido
290,2022-02-19 16:45:48,145,996,490029.17,pendiente
291,2020-09-29 08:22:30,70,814,322805.89,pagado
292,2023-04-27 21:16:58,90,823,305039.28,pagado
293,2024-03-05 19:28:43,91,518,493476.16,pendiente
294,2022-02-15 22:40:11,119,481,161991.71,cancelado
295,2024-09-26 18:25:38,121,878,164288.35,pagado
296,2020-02-06 15:02:02,41,636,329595.49,vencido
297,2020-12-26 04:54:36,106,839,126199.8,pagado
298,2022-06-01 22:09:23,100,662,398453.33,pagado
299,2024-06-03 16:21:47,148,586,237007.06,pagado
300,2021-09-28 00:00:44,104,53,229912.53,pendiente
301,2022-12-04 06:43:41,139,591,486443.93,vencido
302,2023-04-18 18:42:04,31,835,371454.81,pendiente
303,2021-03-01 04:07:53,37,343,477099.56,vencido
304,2020-01-30 14:41:26,49,972,488858.49,pagado
305,2020-10-11 22:48:20,140,453,210010.65,pendiente
306,2022-08-18 12:22:54,6,512,480424.5,pendiente
307,2023-01-21 20:00:11,53,606,305750.48,pagado
308,2022-01-25 17:40:07,125,217,488237.05,vencido
309,2021-02-11 02:29:28,109,985,358951.46,vencido
310,2023-08-27 15:06:52,30,499,140924.74,cancelado
311,2022-07-31 16:08:36,125,334,327131.3,vencido
312,2021-03-03 10:30:39,43,123,173215.86,pendiente
313,2022-12-18 09:11:57,5,813,259635.13,pendiente
314,2023-10-02 11:43:59,58,284,89458.26,pendiente
315,2020-03-31 17:16:48,15,89,262192.01,vencido
316,2024-10-29 08:01:51,19,959,284092.82,pagado
317,2024-11-04 05:49:13,75,296,431713.0,pendiente
318,2021-10-29 12:28:12,10,866,195590.51,vencido
319,2021-04-06 11:31:23,107,406,94655.42,cancelado
320,2023-02-11 06:55:03,113,577,178053.59,pagado
321,2024-01-03 21:25:20,63,75,471709.04,pagado
322,2024-12-01 16:10:15,63,229,165088.96,cancelado
323,2024-12-17 12:57:37,2,386,242272.31,cancelado
324,2022-09-27 04:24:04,70,911,410169.18,vencido
325,2021-02-08 05:58:40,32,884,107047.04,pagado
326,2020-12-29 06:57:30,61,614,369262.37,pendiente
327,2024-03-06 16:25:57,130,393,447356.14,cancelado
328,2022-11-24 19:59:31,50,608,288532.59,pagado
329,2021-11-03 09:01:12,65,556,411898.48,vencido
330,2024-05-14 23:51:02,74,523,375534.79,pagado
331,2020-03-25 12:53:00,12,817,187988.47,vencido
332,2021-05-22 11:43:34,99,954,425794.16,cancelado
333,2024-02-01 19:10:45,62,154,345677.31,pagado
334,2020-08-20 04:11:49,128,63,148254.46,vencido
335,2021-05-22 19:49:37,85,550,110377.5,pagado
336,2020-12-30 08:09:24,120,554,306349.43,vencido
337,2022-10-13 14:46:48,60,937,134139.69,pendiente
338,2021-12-10 12:40:39,67,869,136033.53,cancelado
339,2021-07-20 22:52:47,19,803,245742.0,vencido
340,2020-06-28 22:47:26,74,829,231735.82,cancelado
341,2023-10-24 05:17:04,75,971,448341.03,pendiente
342,2023-07-03 18:28:14,112,469,428900.43,vencido
343,2020-02-02 23:53:06,135,717,238996.25,vencido
344,2020-10-17 01:45:49,131,409,245535.24,cancelado
345,2021-03-23 01:45:23,91,970,244349.13,vencido
346,2024-04-08 20:00:56,52,51,87927.62,cancelado
347,2023-01-28 09:04:13,73,929,114812.64,pagado
348,2023-01-04 13:58:56,133,548,488158.68,pagado
349,2021-11-18 03:47:35,130,189,263631.19,pagado
350,2023-05-04 05:04:06,6,665,304306.81,pagado
351,2020-12-20 08:25:20,134,653,212016.34,pagado
352,2023-04-22 00:02:54,51,268,298126.38,pagado
353,2022-01-29 22:31:12,46,426,171869.91,cancelado
354,2023-03-08 00:23:18,88,970,277584.79,pendiente
355,2023-06-30 09:08:14,2,650,201035.2,vencido
356,2022-12-24 07:12:44,86,594,139360.48,pendiente
357,2021-01-16 20:40:44,49,243,297714.38,cancelado
358,2022-11-19 15:58:10,127,879,83241.05,vencido
359,2020-10-01 17:40:15,35,191,332047.2,cancelado
360,2020-04-12 11:42:39,13,76,152065.99,cancelado
361,2023-10-13 10:32:15,27,717,405440.45,cancelado
362,2023-05-28 08:38:35,72,385,270206.57,cancelado
363,2023-08-24 07:17:47,13,831,234236.56,pagado
364,2023-05-04 16:28:16,58,495,229488.79,pagado
365,2022-09-11 18:55:09,90,257,452860.43,pendiente
366,2021-03-18 10:22:20,4,537,431754.53,pendiente
367,2023-11-12 16:02:02,72,17,337153.05,cancelado
368,2023-03-13 05:49:33,14,528,138027.12,pendiente
369,2022-10-29 19:09:42,122,432,128092.78,cancelado
370,2021-05-01 08:28:17,140,365,291868.58,pendiente
371,2020-04-02 07:02:45,140,178,215392.64,pendiente
372,2022-10-14 07:01:12,116,116,212202.89,cancelado
373,2021-11-10 22:00:17,130,571,437687.24,vencido
374,2023-07-25 08:46:03,89,278,378786.21,cancelado
375,2021-11-22 15:34:04,127,610,123367.06,cancelado
376,2020-04-10 14:48:58,57,429,487010.56,pendiente
377,2023-06-07 06:17:08,106,377,426457.38,pendiente
378,2020-06-01 07:00:49,23,294,299613.79,pendiente
379,2024-05-23 16:14:39,132,514,319219.72,pagado
380,2020-11-22 13:55:32,109,623,214085.45,cancelado
381,2023-07-05 12:08:39,81,898,230084.71,vencido
382,2023-10-31 16:01:35,100,858,82928.46,pendiente
383,2023-07-05 18:12:22,141,586,349130.71,cancelado
384,2024-03-22 11:01:10,127,632,349355.96,pagado
385,2021-10-15 05:13:18,130,327,420130.93,pendiente
386,2020-12-14 12:56:28,71,427,255415.53,vencido
387,2021-07-01 13:16:53,44,117,452368.37,pagado
388,2024-10-24 14:34:33,138,129,86359.03,pagado
389,2024-09-24 09:27:22,89,845,377619.85,cancelado
390,2022-05-30 03:52:32,47,677,145654.16,pagado
391,2022-05-03 21:54:25,4,32,409909.51,pendiente
392,2023-01-13 02:08:36,101,924,181475.42,pendiente
393,2021-01-31 22:18:49,66,938,339437.4,pagado
394,2022-09-24 05:30:22,18,125,270078.77,cancelado
395,2020-12-02 10:30:55,32,500,329330.94,pagado
396,2024-02-25 19:49:17,44,509,239266.55,cancelado
397,2022-10-15 04:12:17,126,599,108553.81,vencido
398,2024-08-17 17:10:50,58,737,143986.73,pagado
399,2023-03-27 00:15:44,42,777,467239.46,pagado
400,2020-11-03 20:52:10,148,269,426950.48,pagado
401,2021-08-21 06:30:22,87,74,324708.96,vencido
402,2024-11-03 05:46:23,135,975,174294.68,cancelado
403,2023-12-06 01:35:27,124,738,267651.86,vencido
404,2021-12-06 06:47:18,123,620,377728.14,cancelado
405,2023-10-15 17:34:36,14,994,398850.03,pendiente
406,2021-09-26 20:47:17,138,820,139785.56,vencido
407,2022-05-02 02:44:15,145,398,278006.47,cancelado
408,2023-09-01 07:15:06,27,75,303300.11,vencido
409,2023-05-15 04:07:48,93,542,299735.71,cancelado
410,2022-03-21 14:30:05,85,248,434480.93,pendiente
411,2020-07-09 17:39:20,101,118,448033.14,cancelado
412,2020-04-29 16:20:17,139,820,155159.25,pendiente
413,2021-05-24 01:39:18,87,821,273067.24,vencido
414,2021-11-11 10:14:47,41,664,229040.88,cancelado
415,2024-06-29 09:11:49,129,455,169847.81,pendiente
416,2024-03-17 21:07:43,132,270,278818.32,vencido
417,2023-05-08 14:41:54,143,38,229512.11,vencido
418,2023-08-01 05:56:39,141,951,305183.78,pendiente
419,2024-01-28 18:34:35,53,157,86707.35,cancelado
420,2021-06-24 13:42:11,70,202,390180.81,cancelado
421,2021-12-25 14:04:19,59,82,352757.71,cancelado
422,2020-04-12 22:41:35,98,419,464355.12,pendiente
423,2022-10-14 14:21:07,63,9,246777.42,pendiente
424,2022-04-20 03:19:19,75,823,158320.18,pendiente
425,2024-10-07 10:19:46,110,546,197500.85,vencido
426,2024-01-15 23:23:30,39,814,410256.1,cancelado
427,2021-03-14 23:01:25,23,357,316520.96,cancelado
428,2021-06-25 12:24:39,47,769,434687.95,cancelado
429,2020-01-30 06:02:16,85,210,273341.94,pendiente
430,2022-08-09 05:20:28,57,484,218245.72,cancelado
431,2022-05-22 01:21:05,79,671,361760.11,pendiente
432,2024-12-13 07:10:41,143,641,250744.89,pendiente
433,2023-09-10 15:49:38,142,473,128956.6,pendiente
434,2020-10-29 19:14:44,138,116,414824.25,cancelado
435,2021-12-29 03:30:39,54,770,484872.16,pagado
436,2022-03-12 12:15:32,131,704,199165.11,vencido
437,2022-03-26 21:24:56,116,612,364098.68,pagado
438,2024-03-21 05:56:37,108,476,169284.43,vencido
439,2020-05-19 09:11:03,73,448,191338.19,pagado
440,2023-05-30 10:49:26,9,382,291019.68,pagado
441,2021-02-22 09:33:11,24,217,111842.28,pendiente
442,2024-01-30 19:52:28,113,61,182345.26,pagado
443,2022-02-09 06:36:13,1,239,491180.77,pendiente
444,2024-09-04 03:16:00,35,135,143912.34,pagado
445,2023-10-23 23:55:32,72,458,271560.5,pagado
446,2020-08-03 00:25:25,58,946,324927.32,cancelado
447,2023-05-06 03:48:36,17,223,387987.81,cancelado
448,2024-12-14 22:09:51,13,366,93236.03,vencido
449,2023-04-13 11:06:57,18,488,350592.17,pagado
450,2020-03-26 20:42:43,118,847,410557.87,pagado
451,2024-11-21 15:02:36,136,136,213711.78,vencido
452,2024-08-06 05:29:40,19,609,347610.36,pendiente
453,2022-05-07 16:43:26,54,542,267532.07,pendiente
454,2023-03-15 14:15:18,5,921,393681.84,cancelado
455,2020-10-30 00:55:15,93,913,257282.64,cancelado
456,2023-05-01 17:56:46,51,319,433713.51,vencido
457,2023-03-03 03:49:34,128,293,489371.65,vencido
458,2024-03-16 20:33:01,129,902,480462.26,pagado
459,2023-11-26 10:22:45,148,305,489764.91,pagado
460,2021-08-17 21:16:09,140,835,493187.26,pendiente
461,2023-04-14 10:15:37,24,88,102377.12,pagado
462,2023-06-27 16:07:40,130,94,152647.06,pendiente
463,2023-10-09 22:21:21,48,834,482491.05,pendiente
464,2024-05-11 03:19:16,71,150,212707.19,pagado
465,2021-11-01 08:08:15,51,68,327892.35,vencido
466,2021-02-27 15:15:54,122,358,443544.2,cancelado
467,2021-02-24 12:51:13,68,326,498336.66,cancelado
468,2024-06-24 10:33:29,28,467,241632.34,vencido
469,2021-12-08 16:30:52,59,419,241722.57,cancelado
470,2024-11-30 23:09:45,97,906,315456.51,vencido
471,2024-10-01 08:31:09,41,221,332516.01,vencido
472,2020-02-12 06:42:37,32,37,168105.69,pendiente
473,2021-05-22 23:54:45,27,87,336178.28,cancelado
474,2024-06-12 18:08:40,31,524,287596.35,pagado
475,2021-06-29 13:16:08,117,481,235650.8,vencido
476,2021-09-01 10:03:11,124,408,285133.44,cancelado
477,2024-02-29 21:40:44,128,326,280598.52,cancelado
478,2024-07-22 11:05:27,36,285,429744.93,cancelado
479,2022-06-27 13:37:07,101,78,491221.22,cancelado
480,2024-07-13 14:07:34,48,304,449997.71,cancelado
481,2023-03-28 20:05:04,9,77,467462.06,vencido
482,2020-02-15 01:17:31,27,720,445198.89,vencido
483,2021-06-11 14:13:57,115,443,180127.4,pendiente
484,2020-04-21 08:05:48,48,580,243831.88,vencido
485,2024-08-06 09:50:35,72,706,131356.79,pendiente
486,2024-08-23 23:41:56,52,165,250261.76,pagado
487,2023-07-28 15:57:16,68,689,403777.05,pagado
488,2021-12-08 22:48:35,149,260,235171.71,pagado
489,2024-10-17 13:43:50,30,399,146788.43,pagado
490,2022-12-05 10:01:05,131,175,268110.15,pendiente
491,2023-07-25 20:45:42,38,420,425089.24,pagado
492,2024-05-05 02:11:25,31,670,369093.54,vencido
493,2021-07-03 23:54:52,34,596,207702.67,pagado
494,2020-02-13 09:51:46,7,382,126953.46,pagado
495,2020-06-08 08:55:55,142,375,488495.13,vencido
496,2023-12-08 22:26:06,114,841,126203.73,cancelado
497,2021-02-21 10:58:37,65,80,459959.42,pagado
498,2020-04-20 16:28:41,71,376,86280.96,pendiente
499,2022-03-08 06:02:41,126,803,340256.16,pendiente
500,2024-04-24 16:39:50,103,640,396660.9,pagado
501,2021-02-19 20:08:22,91,149,84654.01,pendiente
502,2021-02-10 23:03:14,106,191,297546.23,pendiente
503,2024-03-02 01:56:01,3,993,164031.62,cancelado
504,2020-06-02 06:09:43,76,267,368934.54,cancelado
505,2024-11-05 03:14:03,60,293,297353.34,vencido
506,2024-12-20 20:27:52,46,739,344826.31,vencido
507,2024-12-16 05:41:25,56,249,187249.28,pagado
508,2022-10-30 19:34:55,89,156,298558.56,pagado
509,2022-01-20 04:39:10,23,526,440559.04,pagado
510,2024-07-30 06:25:35,53,83,293782.71,vencido
511,2020-01-25 17:47:28,16,640,213933.65,pendiente
512,2020-08-14 11:09:25,67,855,167865.79,pendiente
513,2020-11-05 11:25:45,135,738,195917.6,vencido
514,2021-06-20 22:19:46,22,476,479030.05,pagado
515,2021-02-10 21:58:35,78,968,163225.27,cancelado
516,2021-05-29 04:30:01,90,880,471736.18,cancelado
517,2020-09-22 15:30:01,15,285,318031.74,vencido
518,2022-03-14 04:57:27,84,4,289945.36,vencido
519,2021-11-28 23:29:30,95,381,181357.07,vencido
520,2020-08-08 14:02:02,126,99,160800.82,pagado
521,2021-06-22 23:37:19,77,648,259587.73,cancelado
522,2021-11-07 17:30:01,14,70,467020.78,cancelado
523,2020-10-18 23:34:26,22,354,197948.12,pagado
524,2020-01-03 16:47:26,68,242,474290.85,pendiente
525,2024-08-23 01:12:15,66,444,423167.09,vencido
526,2024-12-27 15:42:20,74,9,339050.79,cancelado
527,2020-06-06 13:24:03,142,275,350910.55,pagado
528,2020-06-17 12:57:55,86,134,81615.74,vencido
529,2023-01-08 10:03:37,10,320,453977.44,pagado
530,2021-07-26 06:44:13,81,880,248516.0,vencido
531,2020-01-18 21:32:33,5,765,224814.87,cancelado
532,2022-03-10 00:04:12,134,310,479179.43,pendiente
533,2024-01-15 20:20:35,102,695,381742.78,cancelado
534,2024-08-04 04:30:47,63,418,468500.48,pagado
535,2020-03-06 20:52:58,32,83,144499.93,cancelado
536,2021-01-16 20:37:46,144,481,406516.78,pendiente
537,2022-04-20 03:45:15,31,622,134872.1,pagado
538,2020-07-15 15:29:18,20,347,106086.8,cancelado
539,2023-08-19 07:09:21,114,17,225881.65,pendiente
540,2021-12-21 11:23:29,57,1,172722.04,pendiente
541,2022-08-06 02:40:40,77,313,464965.71,vencido
542,2020-12-25 14:36:17,46,713,341106.57,pagado
543,2020-03-18 07:10:09,89,331,297928.64,cancelado
544,2023-06-27 21:28:53,14,561,192811.2,vencido
545,2024-03-12 19:46:20,4,754,281636.9,pendiente
546,2020-07-17 12:49:50,103,361,128673.9,vencido
547,2024-05-02 09:22:44,15,727,285436.79,pagado
548,2024-01-10 17:05:23,35,344,418592.62,vencido
549,2021-12-09 02:34:22,150,948,211049.46,pendiente
550,2020-01-08 17:16:21,77,477,335224.0,vencido
551,2024-01-22 08:36:11,77,571,123498.8,pagado
552,2020-11-15 00:44:14,6,943,178885.49,pagado
553,2021-05-23 06:45:22,6,994,150685.76,vencido
554,2021-01-16 15:42:46,14,91,329761.66,pagado
555,2023-01-21 13:41:43,2,311,464122.06,vencido
556,2022-12-26 22:00:59,138,753,446139.0,pagado
557,2024-09-16 11:14:02,146,49,90631.18,pagado
558,2020-10-13 04:21:29,98,254,456610.07,vencido
559,2021-05-09 15:56:12,7,919,354104.7,pendiente
560,2024-01-25 07:11:07,16,118,124950.36,pendiente
561,2020-02-05 21:42:34,40,333,123565.52,pagado
562,2022-01-25 18:46:36,50,857,482342.61,pagado
563,2023-08-20 16:28:22,53,501,191867.91,vencido
564,2021-06-14 01:14:00,36,652,141189.72,vencido
565,2023-09-25 11:22:41,131,551,413695.37,vencido
566,2022-05-02 09:49:58,120,652,216912.23,pendiente
567,2024-12-01 18:37:08,65,934,191230.58,pagado
568,2024-08-27 06:04:44,38,977,253009.01,cancelado
569,2020-04-02 18:33:01,90,605,377718.97,pendiente
570,2024-07-01 05:23:16,75,265,451926.97,cancelado
571,2023-02-05 22:17:48,132,909,100046.29,pendiente
572,2022-06-01 17:24:40,72,72,246318.81,vencido
573,2024-08-30 02:36:37,74,247,247587.89,pendiente
574,2022-12-17 01:46:29,97,559,460481.13,vencido
575,2023-03-10 23:34:07,9,279,480548.96,pagado
576,2021-10-16 18:12:01,47,730,99698.38,cancelado
577,2020-03-01 19:52:45,75,207,288376.72,pagado
578,2021-11-14 03:58:37,135,970,444440.15,pagado
579,2023-05-15 00:47:59,134,66,130322.01,vencido
580,2024-11-06 02:45:23,149,407,257239.85,pendiente
581,2024-12-12 10:50:53,2,472,308483.72,pagado
582,2020-12-02 07:19:00,98,963,407281.33,vencido
583,2021-03-19 05:54:30,17,954,226798.27,pendiente
584,2022-06-07 07:35:32,91,332,373237.87,pendiente
585,2021-09-01 22:50:52,86,563,286425.9,pendiente
586,2021-10-27 20:52:32,34,398,147681.35,pendiente
587,2024-01-07 15:03:03,86,478,325502.83,pagado
588,2024-04-21 05:00:45,100,62,415177.25,vencido
589,2021-07-09 02:07:28,56,777,468817.41,vencido
590,2024-02-04 23:20:27,28,105,468547.92,pendiente
591,2024-04-02 23:09:17,33,804,330429.1,pendiente
592,2024-01-09 07:39:59,116,69,186874.25,pagado
593,2020-08-05 03:07:30,56,176,285998.97,vencido
594,2021-03-05 01:47:32,70,838,392394.6,vencido
595,2023-08-29 20:00:29,94,277,337146.86,cancelado
596,2020-11-07 15:42:50,75,330,464024.81,vencido
597,2023-06-17 06:35:30,133,501,165179.2,pagado
598,2022-10-23 14:25:16,12,686,471633.1,pendiente
599,2022-07-31 08:40:52,61,365,412321.06,pendiente
600,2021-01-10 08:36:40,46,677,451749.95,pagado
601,2022-07-23 02:07:17,94,165,219315.42,cancelado
602,2023-09-17 22:06:11,55,645,411652.97,cancelado
603,2023-12-26 19:14:19,77,52,196353.87,pagado
604,2021-05-21 20:37:23,82,954,122493.14,pagado
605,2022-04-21 21:30:18,61,443,183047.58,cancelado
606,2020-07-28 00:59:25,126,416,420906.02,cancelado
607,2022-06-05 00:57:21,41,9,312335.38,vencido
608,2020-12-08 15:37:19,55,554,171101.54,pendiente
609,2022-12-22 06:44:31,64,50,205277.67,pagado
610,2024-06-01 01:00:11,68,158,498319.76,vencido
611,2023-06-16 17:05:41,74,607,472934.81,vencido
612,2022-04-03 01:12:11,45,300,445975.21,pagado
613,2020-02-05 01:55:13,83,130,125962.82,cancelado
614,2023-10-16 00:03:16,31,860,166890.61,pagado
615,2024-07-02 18:03:54,70,73,221215.3,cancelado
616,2020-08-05 22:10:29,3,463,382028.37,cancelado
617,2023-11-12 18:27:25,129,483,387521.49,pagado
618,2020-02-07 23:44:35,123,616,299173.98,pagado
619,2022-11-26 06:58:32,72,501,347881.59,pagado
620,2023-07-24 03:26:21,104,403,486928.07,pendiente
621,2023-06-05 09:21:54,86,529,193006.1,pendiente
622,2022-05-05 14:56:50,144,273,331449.62,vencido
623,2024-07-02 08:27:22,10,56,293817.25,pagado
624,2021-04-23 11:29:08,70,409,250840.51,vencido
625,2020-12-30 09:51:27,146,320,264252.08,cancelado
626,2024-07-18 20:07:06,121,908,364745.25,pagado
627,2022-12-30 21:25:09,84,659,178413.21,vencido
628,2022-11-30 21:28:53,37,12,205085.9,cancelado
629,2020-02-15 16:34:52,8,729,402516.11,cancelado
630,2024-03-26 14:35:00,25,930,436727.38,pagado
631,2021-10-31 03:38:01,141,481,451710.91,vencido
632,2023-12-04 22:27:48,146,481,140379.48,pagado
633,2024-06-11 12:31:46,8,608,211064.15,pendiente
634,2024-09-28 03:45:11,38,735,92370.39,pendiente
635,2024-11-27 08:17:44,15,376,281105.76,pagado
636,2021-12-18 19:38:58,137,445,116990.98,cancelado
637,2021-12-14 05:23:25,62,780,275336.47,pendiente
638,2021-01-13 06:35:37,110,59,476594.72,pagado
639,2024-04-30 07:34:01,66,873,136044.9,cancelado
640,2023-09-28 13:59:04,74,930,388083.55,pendiente
641,2021-01-13 10:25:37,145,649,483231.26,pagado
642,2022-11-22 21:01:58,56,29,326701.75,pagado
643,2020-04-18 20:37:18,105,339,195962.1,vencido
644,2024-11-20 13:18:51,10,482,273729.27,cancelado
645,2020-03-14 08:24:27,144,641,273902.18,vencido
646,2022-12-22 01:41:28,50,380,266283.01,cancelado
647,2022-02-22 10:40:37,78,950,417953.63,pendiente
648,2024-09-03 02:28:05,1,236,458436.25,pagado
649,2020-04-28 09:38:08,31,291,355280.91,pendiente
650,2022-01-11 04:09:02,138,587,441140.61,vencido
651,2023-04-08 08:57:16,6,558,188031.1,pendiente
652,2021-12-17 02:30:31,3,685,188813.71,vencido
653,2024-09-16 18:27:40,59,662,313412.07,vencido
654,2020-02-24 13:19:55,57,762,270429.17,pagado
655,2023-09-13 15:09:15,75,558,319139.16,vencido
656,2021-08-27 04:51:19,103,379,463594.76,pendiente
657,2022-04-06 14:48:33,105,197,402869.38,pendiente
658,2024-01-22 18:53:18,117,227,387081.92,pagado
659,2023-06-10 05:01:21,143,591,217828.6,vencido
660,2023-05-14 18:44:56,15,656,450323.37,cancelado
661,2021-02-01 15:19:56,15,756,345871.09,cancelado
662,2020-12-18 02:36:33,29,856,213548.11,pagado
663,2020-05-26 05:15:37,83,483,216925.33,cancelado
664,2024-10-11 12:16:42,86,757,212612.37,pagado
665,2021-10-13 09:41:11,94,48,247339.66,pendiente
666,2021-07-20 04:17:00,147,997,348087.01,pagado
667,2022-11-01 19:11:50,32,35,329380.86,pendiente
668,2023-02-18 02:45:23,104,295,245282.13,cancelado
669,2020-05-14 21:57:03,38,109,103852.09,vencido
670,2024-01-14 07:36:41,144,353,130858.28,pagado
671,2022-12-08 12:38:02,70,90,109616.43,pagado
672,2022-09-10 09:53:00,67,490,497250.69,vencido
673,2020-06-21 10:45:00,114,14,381180.24,pagado
674,2021-04-01 02:13:40,144,423,165232.1,pagado
675,2024-02-21 16:23:47,90,796,94043.03,pagado
676,2021-01-21 07:25:53,73,114,122500.72,cancelado
677,2024-06-12 02:05:03,43,419,453091.82,vencido
678,2020-01-02 01:20:28,1,261,268553.01,pagado
679,2022-06-11 14:19:44,29,43,319689.49,pagado
680,2022-08-24 06:00:40,46,231,299415.09,pagado
681,2024-10-01 12:41:06,141,359,80460.95,vencido
682,2020-05-07 05:57:06,122,769,346305.88,cancelado
683,2023-11-05 10:10:28,91,97,113336.98,vencido
684,2021-11-13 19:49:22,12,242,165731.3,cancelado
685,2024-06-03 00:37:20,25,908,249271.86,pendiente
686,2024-03-14 14:30:16,74,823,249904.48,pendiente
687,2023-12-15 05:19:52,107,896,308756.46,pagado
688,2021-06-26 08:41:30,63,678,315351.28,pendiente
689,2020-05-10 08:46:06,22,36,243625.31,vencido
690,2024-10-15 07:41:43,16,395,433268.78,pagado
691,2023-07-07 00:18:08,49,454,127545.28,vencido
692,2024-05-23 03:36:47,41,606,254332.4,pendiente
693,2023-05-05 18:06:41,116,483,103578.28,pagado
694,2022-06-08 11:18:48,54,301,191358.78,vencido
695,2023-10-20 23:45:36,148,854,241518.62,pagado
696,2020-11-03 12:35:14,24,629,291858.22,cancelado
697,2020-05-01 21:00:27,66,133,315765.09,pagado
698,2023-02-17 08:08:33,60,911,380032.82,cancelado
699,2021-01-03 20:14:45,25,54,355619.47,cancelado
700,2020-01-12 11:38:44,92,513,301237.47,pagado
701,2024-12-09 21:23:49,73,542,266048.69,vencido
702,2023-01-04 06:17:52,15,368,498208.08,vencido
703,2022-05-11 13:02:07,147,494,207648.06,pagado
704,2023-04-02 21:10:18,15,745,470461.7,pendiente
705,2021-03-22 22:04:30,96,112,209464.58,pendiente
706,2023-01-19 19:06:19,31,587,130798.4,pagado
707,2022-07-22 20:55:41,60,475,195132.28,vencido
708,2022-09-03 00:04:19,20,540,131051.15,pendiente
709,2021-12-29 22:13:36,25,625,357159.59,vencido
710,2022-01-29 16:02:17,72,508,474602.53,pagado
711,2022-12-16 13:37:13,111,526,216721.46,vencido
712,2020-09-26 07:19:03,139,680,338265.22,pendiente
713,2022-12-10 19:37:15,119,607,140708.35,pagado
714,2022-02-02 00:20:18,68,525,284255.42,vencido
715,2024-10-01 14:55:19,59,549,105439.72,pendiente
716,2024-11-10 10:42:32,99,191,111686.24,pagado
717,2023-02-28 13:52:11,21,252,109535.29,vencido
718,2020-01-01 07:18:11,78,745,150726.49,cancelado
719,2020-07-13 11:38:12,14,338,327421.36,pagado
720,2022-12-12 21:36:13,76,747,322962.26,vencido
721,2024-03-01 19:00:51,2,677,243908.42,pendiente
722,2021-06-12 22:49:41,43,508,440493.02,vencido
723,2020-12-03 14:48:20,105,90,386150.54,cancelado
724,2021-05-24 13:59:12,3,758,260974.55,pendiente
725,2021-10-04 02:28:57,81,476,139343.72,pagado
726,2023-01-10 15:36:16,136,850,322286.84,pendiente
727,2022-11-08 16:47:10,50,945,323445.16,cancelado
728,2020-10-26 06:39:25,42,130,148402.62,cancelado
729,2024-07-19 23:00:13,117,140,377330.62,vencido
730,2023-03-25 14:52:02,106,866,306459.57,pendiente
731,2022-03-15 01:35:08,31,426,128376.25,pagado
732,2020-01-18 13:06:16,17,874,391033.55,pagado
733,2020-07-17 15:29:52,38,573,124030.18,pagado
734,2021-11-01 16:09:16,72,456,226918.78,cancelado
735,2023-12-11 12:58:19,62,590,392989.8,pagado
736,2024-04-13 12:41:31,65,675,286100.28,cancelado
737,2023-09-11 07:49:02,12,102,347525.83,cancelado
738,2021-12-11 17:09:38,133,260,200465.35,vencido
739,2023-09-18 06:43:30,90,19,378626.47,cancelado
740,2020-03-27 04:54:02,116,743,280789.17,pendiente
741,2023-10-25 08:10:53,123,500,469328.65,pendiente
742,2023-10-28 16:10:02,30,857,136423.55,vencido
743,2022-01-14 00:41:37,26,969,271343.32,pendiente
744,2022-02-17 11:31:49,67,706,85900.96,pagado
745,2024-05-26 03:14:13,12,793,498759.62,pagado
746,2023-04-13 02:15:18,123,204,196462.5,cancelado
747,2022-09-08 21:16:33,91,720,488940.89,pendiente
748,2020-09-29 04:05:52,87,175,122815.52,cancelado
749,2021-05-15 20:12:49,73,863,260235.1,vencido
750,2023-06-26 23:54:19,43,808,314510.41,cancelado
751,2024-03-08 19:31:02,111,859,307437.09,pagado
752,2022-07-10 08:23:23,127,400,234885.06,cancelado
753,2021-12-04 02:36:44,150,983,106590.6,pendiente
754,2024-06-05 04:44:40,23,768,349700.01,pendiente
755,2021-04-16 06:32:04,105,340,330054.3,pagado
756,2023-07-22 20:16:22,121,247,326537.89,pendiente
757,2020-05-17 13:18:21,82,32,138084.74,cancelado
758,2022-02-06 19:21:41,97,808,476616.68,cancelado
759,2021-11-28 21:46:25,3,936,276378.37,pagado
760,2021-05-24 18:22:04,44,758,466101.04,vencido
761,2021-09-19 17:23:16,19,130,223409.9,cancelado
762,2024-05-18 12:17:43,4,728,396955.64,cancelado
763,2022-04-06 06:11:40,60,720,132927.32,pagado
764,2021-08-16 05:37:33,70,644,264975.28,pendiente
765,2023-10-03 00:21:15,1,235,105905.29,vencido
766,2023-04-30 02:30:32,71,256,99385.36,vencido
767,2021-09-19 22:27:35,4,974,333967.24,pagado
768,2021-06-27 23:59:03,117,589,486844.76,pendiente
769,2023-12-19 05:03:43,142,713,303795.1,vencido
770,2024-10-21 07:29:55,58,38,240066.56,pagado
771,2023-04-09 00:03:41,113,791,321992.63,vencido
772,2024-01-09 19:36:46,53,204,111401.38,pendiente
773,2020-06-25 10:19:24,145,832,299413.15,pendiente
774,2022-11-19 02:05:19,52,701,438350.28,pendiente
775,2020-04-03 14:46:31,52,479,174227.4,pendiente
776,2024-02-06 10:43:09,117,740,408724.74,vencido
777,2023-07-17 01:17:32,113,678,108717.33,vencido
778,2021-04-28 05:59:09,138,387,194376.94,pagado
779,2022-06-05 05:38:07,66,99,351508.16,vencido
780,2023-03-07 10:56:52,107,676,344394.61,cancelado
781,2024-01-31 15:17:51,9,690,317202.18,vencido
782,2020-10-21 11:58:16,101,687,127203.36,vencido
783,2021-04-22 03:59:47,102,803,269322.46,pendiente
784,2020-11-28 00:37:40,42,2,170920.2,pendiente
785,2023-06-16 23:14:47,80,782,294686.21,vencido
786,2022-10-23 10:49:07,80,173,186456.91,vencido
787,2022-09-19 19:43:21,136,975,86854.16,pendiente
788,2020-05-19 05:45:11,34,595,413091.56,vencido
789,2023-10-24 13:04:38,81,144,498169.57,pendiente
790,2020-12-28 17:58:22,134,252,202233.32,cancelado
791,2021-12-29 06:40:09,136,56,388934.81,vencido
792,2021-02-23 05:35:50,76,738,102904.39,vencido
793,2020-08-20 23:29:55,59,557,167931.8,cancelado
794,2022-12-30 11:57:19,98,157,171231.0,pagado
795,2020-06-24 11:03:18,8,56,192507.9,pagado
796,2020-08-21 06:53:06,71,933,473640.67,vencido
797,2023-10-21 21:45:31,49,995,281492.21,vencido
798,2021-04-26 05:17:45,121,340,136368.27,cancelado
799,2024-11-12 15:28:00,144,909,448839.18,pendiente
800,2020-04-24 15:56:29,17,361,280569.45,pagado
801,2023-06-12 10:45:01,16,806,176017.48,cancelado
802,2021-04-20 16:58:03,1,165,476860.63,cancelado
803,2023-02-28 01:35:39,115,342,149291.74,cancelado
804,2024-03-16 21:40:29,98,238,265981.11,vencido
805,2020-12-31 06:06:45,75,935,156252.33,vencido
806,2022-07-23 18:28:49,26,879,257122.8,vencido
807,2022-08-02 09:37:48,89,661,288180.67,pagado
808,2023-06-07 15:37:20,10,748,209083.89,cancelado
809,2022-06-17 01:46:31,140,557,340438.95,vencido
810,2024-08-23 17:33:59,66,892,379420.23,cancelado
811,2021-12-05 19:58:41,120,475,233844.11,pendiente
812,2024-01-07 12:14:36,145,792,220158.18,vencido
813,2020-03-19 18:44:48,47,305,138753.15,pendiente
814,2022-03-20 07:58:13,73,72,126846.62,pendiente
815,2023-01-13 03:45:04,17,388,435235.86,vencido
816,2023-03-21 02:13:57,95,980,359664.26,pagado
817,2020-03-13 17:41:19,57,621,190462.31,pendiente
818,2021-08-26 00:34:38,142,93,352679.87,pendiente
819,2023-12-26 08:03:07,57,542,239262.95,pendiente
820,2024-06-08 04:51:16,43,78,87579.44,vencido
821,2020-06-16 02:01:27,1,643,147064.76,pendiente
822,2020-02-28 12:52:38,71,874,491272.64,vencido
823,2022-02-24 08:16:36,132,547,368990.57,pagado
824,2023-02-05 14:49:50,45,371,478819.92,pagado
825,2024-11-12 11:38:48,21,250,85059.08,vencido
826,2020-12-16 00:57:56,62,357,463868.79,vencido
827,2024-07-04 13:56:41,40,234,398339.53,cancelado
828,2021-03-26 22:35:44,118,561,173695.17,cancelado
829,2021-05-18 00:48:34,115,274,199537.78,pagado
830,2020-06-02 11:09:52,124,887,255845.99,pendiente
831,2020-08-22 10:49:06,102,201,436466.14,pendiente
832,2022-05-07 16:25:35,5,262,248123.78,pagado
833,2021-03-01 19:28:28,89,720,474552.35,vencido
834,2024-08-03 06:07:03,71,42,415956.72,vencido
835,2024-12-12 16:24:59,101,879,139364.07,cancelado
836,2023-05-27 03:42:59,5,94,395256.66,pagado
837,2024-07-31 15:25:58,7,750,168649.36,pagado
838,2020-08-12 16:57:33,136,867,153529.51,pagado
839,2021-04-22 04:11:25,57,361,99759.8,cancelado
840,2023-05-13 11:03:50,28,944,118778.68,vencido
841,2024-12-26 05:01:35,31,625,189293.57,vencido
842,2020-10-15 22:32:17,8,50,298611.43,vencido
843,2024-07-03 23:55:01,27,375,498656.94,cancelado
844,2022-07-20 01:57:28,79,740,249783.66,pagado
845,2020-06-04 10:46:00,74,538,233551.5,pagado
846,2020-05-07 04:44:45,14,281,339830.63,pagado
847,2023-10-29 08:55:13,128,287,470773.57,pagado
848,2020-06-28 23:03:32,3,449,265301.66,pagado
849,2020-07-31 10:42:57,88,552,251835.76,pagado
850,2022-07-09 09:41:00,39,380,420702.52,vencido
851,2022-06-28 01:10:41,26,325,389551.94,cancelado
852,2021-08-03 07:14:34,6,24,217208.08,pagado
853,2023-06-25 04:32:12,120,311,104855.55,cancelado
854,2023-04-13 20:44:12,44,363,319009.22,vencido
855,2021-04-17 05:23:49,53,888,214262.91,cancelado
856,2020-06-11 08:44:13,133,597,336508.89,vencido
857,2023-02-14 04:05:57,41,237,220067.86,vencido
858,2022-11-13 09:23:40,45,759,445116.19,vencido
859,2022-02-28 01:12:13,70,470,281589.47,cancelado
860,2022-06-12 14:32:21,74,224,360648.0,cancelado
861,2021-01-12 09:21:10,29,79,363510.93,cancelado
862,2022-06-16 19:18:03,142,651,269533.3,vencido
863,2024-09-10 14:58:53,119,842,421146.36,pagado
864,2020-01-27 20:41:54,44,816,438293.2,cancelado
865,2024-06-30 05:02:07,141,441,441957.76,vencido
866,2022-07-26 01:18:45,71,730,179302.84,pendiente
867,2020-11-10 08:49:21,2,899,136052.0,vencido
868,2020-07-06 01:44:57,127,612,363549.23,pagado
869,2023-09-07 02:59:05,100,688,466034.28,vencido
870,2023-09-01 02:26:52,57,174,235693.41,cancelado
871,2021-01-09 07:41:57,22,815,102044.72,vencido
872,2023-09-06 02:11:20,70,931,180582.18,pagado
873,2024-05-16 06:10:57,43,837,208438.99,pagado
874,2024-12-05 17:58:30,98,84,116378.51,pagado
875,2023-06-01 03:40:36,96,601,476252.06,pagado
876,2023-05-22 15:57:33,7,22,126340.46,vencido
877,2024-05-25 03:20:01,123,293,150213.95,pagado
878,2022-10-28 01:11:58,75,965,220282.71,pagado
879,2020-09-02 23:33:48,2,853,381103.37,pagado
880,2022-07-22 14:48:30,92,952,163899.53,cancelado
881,2022-07-30 01:33:20,62,428,250329.15,cancelado
882,2022-09-03 17:22:26,64,977,86925.88,cancelado
883,2020-07-07 18:21:54,52,873,222427.46,pagado
884,2021-11-16 06:50:36,49,607,81451.06,pagado
885,2020-06-08 14:27:38,141,382,381149.57,pendiente
886,2023-07-01 05:19:20,129,962,408531.04,pendiente
887,2024-02-27 20:48:16,73,452,337773.55,pendiente
888,2020-06-15 01:49:43,36,466,254676.82,cancelado
889,2024-06-11 14:11:22,18,454,80753.4,pendiente
890,2020-03-21 12:20:38,16,537,467784.97,vencido
891,2023-03-08 10:38:21,127,845,300073.04,vencido
892,2021-02-06 20:01:14,104,872,241674.22,pendiente
893,2024-12-08 04:13:12,51,792,485817.75,cancelado
894,2020-12-11 04:20:37,49,731,291597.43,pagado
895,2023-10-06 18:34:57,117,273,167929.06,pendiente
896,2024-10-10 06:46:31,55,529,297268.07,vencido
897,2020-04-10 02:05:34,119,303,467371.06,cancelado
898,2021-08-20 04:07:04,113,342,299264.15,vencido
899,2023-08-29 13:49:04,89,85,224093.33,cancelado
900,2023-09-08 21:43:27,73,194,338244.71,pagado
901,2024-09-02 21:30:35,16,819,381096.49,pagado
902,2023-03-25 19:08:44,19,984,290875.17,vencido
903,2024-01-29 14:15:57,87,423,176426.29,cancelado
904,2021-02-12 06:51:45,6,101,454325.03,pendiente
905,2022-06-06 07:24:02,64,572,224367.01,vencido
906,2022-11-10 12:51:53,104,249,246490.9,cancelado
907,2024-09-04 04:52:44,86,105,217262.37,pendiente
908,2022-12-16 16:50:22,56,206,309020.38,pagado
909,2022-11-13 12:54:06,139,749,333971.26,pendiente
910,2023-12-04 19:11:35,146,337,429716.3,cancelado
911,2023-02-14 02:49:17,77,223,354791.09,cancelado
912,2023-03-08 22:34:47,104,450,177448.31,pendiente
913,2022-10-06 04:28:46,69,388,233150.19,cancelado
914,2024-03-03 09:11:56,76,246,474910.32,vencido
915,2020-10-31 11:41:19,47,327,336716.11,pendiente
916,2021-02-05 09:14:45,148,385,481145.87,pagado
917,2021-01-04 09:41:13,137,337,352982.3,vencido
918,2021-12-27 06:03:50,93,425,244536.77,cancelado
919,2020-06-08 23:24:12,65,469,261377.3,cancelado
920,2023-12-18 14:24:29,65,71,446802.13,pagado
921,2023-10-20 11:49:07,7,729,420448.07,pagado
922,2023-05-31 02:20:38,5,566,256363.45,cancelado
923,2022-11-24 20:21:45,67,820,226200.78,vencido
924,2020-09-14 01:23:38,61,803,389645.03,vencido
925,2021-02-08 12:25:25,28,474,127104.44,vencido
926,2024-02-05 07:02:01,124,647,296539.98,pendiente
927,2021-11-04 22:51:48,54,581,448842.42,pendiente
928,2022-03-04 18:22:29,110,395,464976.95,pagado
929,2020-09-28 20:37:52,39,486,325158.1,cancelado
930,2020-02-23 05:06:35,119,566,142989.51,pendiente
931,2023-11-08 06:07:12,59,985,332621.12,cancelado
932,2020-05-19 22:23:22,93,974,496580.16,vencido
933,2021-06-06 14:37:55,128,380,493923.45,pagado
934,2020-02-12 09:00:25,118,971,320760.85,pendiente
935,2021-05-04 00:56:01,21,198,199254.1,pagado
936,2021-07-29 01:12:40,55,425,312918.03,pendiente
937,2020-02-21 04:33:39,119,433,239446.02,pagado
938,2021-07-02 18:38:24,112,309,93519.75,vencido
939,2022-04-16 09:49:55,20,219,388724.83,vencido
940,2024-06-24 07:07:52,21,872,348796.18,pagado
941,2020-11-07 12:04:25,111,347,205519.5,cancelado
942,2022-12-20 12:25:25,131,700,341926.73,pagado
943,2023-07-04 00:22:23,93,532,304633.29,pendiente
944,2020-02-23 21:44:50,9,815,413905.24,pagado
945,2020-07-06 01:24:51,143,14,258041.67,pagado
946,2021-06-01 08:31:58,52,129,478846.69,pagado
947,2024-05-09 07:07:45,129,729,471562.32,pendiente
948,2024-08-14 13:48:36,137,546,282845.77,pendiente
949,2021-05-10 05:44:04,117,549,333818.48,pendiente
950,2020-04-22 08:02:20,130,618,274880.67,vencido
951,2020-10-28 07:49:54,109,660,231675.53,pendiente
952,2023-07-19 00:11:37,56,853,472167.44,pendiente
953,2024-01-26 01:06:10,146,725,282813.17,cancelado
954,2020-02-15 01:57:04,109,615,448225.41,pagado
955,2022-04-15 00:57:35,7,406,393428.38,pagado
956,2020-12-27 05:03:13,85,241,130263.4,cancelado
957,2024-01-31 13:12:06,49,922,228337.88,pendiente
958,2023-01-06 19:58:10,142,758,101335.5,pendiente
959,2020-08-16 08:04:54,94,431,112225.88,cancelado
960,2023-10-20 09:14:52,23,353,83427.54,vencido
961,2022-06-18 20:43:59,102,880,125916.93,pendiente
962,2022-10-28 01:34:24,23,699,162317.52,pendiente
963,2020-10-30 09:32:17,145,6,473354.61,cancelado
964,2021-04-08 16:48:42,149,924,459855.97,pagado
965,2021-10-14 00:01:44,11,288,198927.63,pendiente
966,2023-09-05 21:11:06,24,771,315888.19,vencido
967,2023-06-27 11:47:19,132,23,451957.88,pendiente
968,2023-10-12 15:12:38,96,931,315913.66,pagado
969,2022-10-31 23:39:12,150,429,436045.86,pendiente
970,2023-09-07 18:08:13,58,534,98915.67,pagado
971,2024-04-05 01:29:39,105,67,168554.7,pendiente
972,2023-03-27 21:48:26,11,346,385032.39,vencido
973,2024-10-19 13:34:08,72,492,406069.22,pendiente
974,2022-07-15 02:51:23,42,675,402705.62,cancelado
975,2020-08-07 01:47:50,142,16,411158.18,vencido
976,2024-08-31 07:35:10,70,949,190678.69,vencido
977,2021-03-14 11:50:49,92,9,83170.05,cancelado
978,2020-12-30 11:30:44,43,845,352791.37,pagado
979,2023-03-30 05:25:13,125,114,314752.84,pendiente
980,2022-07-15 15:04:05,30,69,319216.6,cancelado
981,2024-04-01 04:40:36,78,76,256157.08,cancelado
982,2021-08-24 19:14:48,116,951,87396.09,pagado
983,2022-10-27 13:19:06,117,533,81023.55,pagado
984,2020-03-27 03:01:11,36,138,347307.3,pendiente
985,2021-01-03 00:39:59,54,289,249600.83,pagado
986,2022-08-05 23:48:11,36,574,348589.06,cancelado
987,2021-03-05 18:38:47,12,529,236432.77,cancelado
988,2023-08-01 06:48:46,139,596,128936.0,pagado
989,2022-08-26 21:39:42,53,731,186292.77,pendiente
990,2021-11-08 15:22:21,30,846,266831.48,pagado
991,2024-09-20 03:20:36,147,897,184722.22,cancelado
992,2023-10-16 18:54:10,91,98,356524.11,cancelado
993,2021-01-07 20:43:45,144,171,230033.85,vencido
994,2023-12-04 22:58:29,6,611,347362.97,cancelado
995,2024-06-15 18:26:06,18,831,381527.38,cancelado
996,2020-11-10 01:01:17,2,153,250908.95,pendiente
997,2022-05-18 21:41:33,87,196,320827.57,pendiente
998,2023-07-28 14:58:04,28,802,131409.96,cancelado
999,2023-04-17 21:08:11,133,530,455033.3,vencido
1000,2021-08-28 16:34:16,101,698,414080.66,pagado
